Ejercicio,Situacion_n,DistanciaInicioRiiesgo,DCPA_yds,Situacion,VelNudos,VelNudosContacto,Responsables,Contacto,AccionContacto,TCPA,Situacion_evaluacion,Responsable_evaluacion
123,1,3359.92,1117.94,Cruce_er_er,17.21,9.09,Niguno,Pesquero,N/C,3.579134139252662,Cruce_er_er,Niguno
123,2,2830.75,1772.89,Alcanzado,1.0,5.07,Contacto,Pesquero,No,16.036887099650162,Alcanzado si no accion cto,Contacto que no toma accion
123,3,5029.92,1225.48,Cruce_br_br,16.35,1.71,Niguno,Pesquero,N/C,8.043188722215415,Cruce_br_br,Niguno
123,4,1438.08,1190.96,Cruce_er,16.12,6.05,Barco,Motor,N/C,1.261711260302531,Cruce_er,Barco
123,5,1585.27,1515.12,Cruce_er,13.36,12.81,Barco,Motor,N/C,0.735429991495051,Cruce_er,Barco
123,6,6150.45,1838.83,Alcanzado,1.0,0.26,Contacto,Velero,Si,233.62959778644864,Alcanzado,Contacto
123,7,6283.43,1622.93,Vuelta_encontrada,16.47,10.68,Ambos,Pesquero,N/C,6.624162082410284,Vuelta_encontrada,Ambos
123,8,1012.61,168.3,Vuelta_encontrada,13.3,0.21,Ambos,Velero,N/C,2.1885631040733307,Vuelta_encontrada,Ambos
123,9,1005.25,999.25,Alcanzado,1.0,5.82,Contacto,Velero,Si,0.6733550982869935,Alcanzado,Contacto
