Ejercicio,Situacion_n,DistanciaInicioRiiesgo,DCPA_yds,Situacion,VelNudos,VelNudosContacto,Responsables,Contacto,AccionContacto,TCPA,Situacion_evaluacion,Responsable_evaluacion
138,1,601.69,600.59,Alcanzado,1.0,1.26,Contacto,Pesquero,No,4.102900597729623,Alcanzado si no accion cto,Contacto que no toma accion
138,2,2442.93,434.51,Alcanzando,5.52,3.97,Barco,Velero,N/C,45.257178432275104,Alcanzando,Barco
138,3,3795.57,1819.41,Vuelta_encontrada,12.71,4.82,Ambos,Motor,N/C,5.634580847115603,Vuelta_encontrada,Ambos
138,4,382.06,81.82,Alcanzando,13.47,2.78,Barco,Pesquero,N/C,1.0341176757004464,Alcanzando,Barco
138,5,1964.21,771.04,Alcanzado,18.85,28.77,Contacto,Motor,No,5.381718074652601,Alcanzado si no accion cto,Contacto que no toma accion
