Ejercicio,Situacion_n,DistanciaInicioRiiesgo,DCPA_yds,Situacion,VelNudos,VelNudosContacto,Responsables,Contacto,AccionContacto,TCPA,Situacion_evaluacion,Responsable_evaluacion,DificultadSituacion,DificultadEjercicio
42,1,960.01,369.04,Cruce_er,19.66,7.8,Barco,Velero,N/C,1.1419819655725612,Cruce_er,Barco,ALTA,ALTA
42,2,1111.12,346.51,Cruce_er_er,10.27,1.14,Niguno,Velero,N/C,2.774646155225223,Cruce_er_er,Niguno,ALTA,ALTA
42,3,6181.55,1189.35,Cruce_er_er,12.09,24.31,Niguno,Motor,N/C,5.0161362752761,Cruce_er_er,Niguno,BAJA,ALTA
42,4,2088.38,1958.46,Cruce_br,12.46,25.75,Contacto,Motor,No,0.8211401306905897,Cruce_br si no accion cto,Contacto que no toma accion,MEDIA,ALTA
42,5,3521.63,30.01,Cruce_br_br,15.61,8.81,Niguno,Velero,N/C,4.313419113114913,Cruce_br_br,Niguno,ALTA,ALTA
42,6,6645.64,755.65,Cruce_br,19.84,4.53,Contacto,Pesquero,No,10.053329892578857,Cruce_br si no accion cto,Contacto que no toma accion,MEDIA,ALTA
42,7,1629.39,1625.92,Cruce_er_er,11.62,1.56,Niguno,Pesquero,N/C,0.2389961407686205,Cruce_er_er,Niguno,MEDIA,ALTA
42,8,1083.9,937.88,Vuelta_encontrada,18.55,8.14,Ambos,Velero,N/C,0.603196838478049,Vuelta_encontrada,Ambos,ALTA,ALTA
