Ejercicio,Situacion_n,DistanciaInicioRiiesgo,DCPA_yds,Situacion,VelNudos,VelNudosContacto,Responsables,Contacto,AccionContacto,TCPA,Situacion_evaluacion,Responsable_evaluacion,DificultadSituacion,DificultadEjercicio
86,1,5437.22,1096.51,Alcanzado,11.27,13.81,Contacto,Motor,No,59.42474671336755,Alcanzado si no accion cto,Contacto que no toma accion,BAJA,MEDIA
86,2,423.04,328.05,Vuelta_encontrada,18.49,1.75,Ambos,Velero,N/C,0.3910976557642669,Vuelta_encontrada,Ambos,ALTA,MEDIA
86,3,1965.5,1589.04,Vuelta_encontrada,14.41,13.91,Ambos,Pesquero,N/C,1.2105865921511303,Vuelta_encontrada,Ambos,MEDIA,MEDIA
86,4,8511.97,1251.57,Cruce_br_br,19.81,3.35,Niguno,Pesquero,N/C,10.783714508213675,Cruce_br_br,Niguno,BAJA,MEDIA
86,5,1433.16,547.44,Alcanzando,16.94,12.86,Barco,Motor,N/C,9.24259871010049,Alcanzando,Barco,MEDIA,MEDIA
86,6,2736.17,270.45,Cruce_br_br,13.8,9.02,Niguno,Velero,N/C,3.615835105082152,Cruce_br_br,Niguno,ALTA,MEDIA
86,7,204.35,57.27,Cruce_br,12.67,9.27,Contacto,Velero,Si,0.330840654105028,Cruce_br,Contacto,ALTA,MEDIA
86,8,4312.23,1190.36,Cruce_br,11.49,8.87,Contacto,Motor,No,8.241829887382714,Cruce_br si no accion cto,Contacto que no toma accion,MEDIA,MEDIA
86,9,9516.46,783.02,Cruce_er_er,16.03,10.3,Niguno,Pesquero,N/C,10.690733264995549,Cruce_er_er,Niguno,MEDIA,MEDIA
